ID_ART,NAME,CODE,USERNAME,GUID
1,name 1,code 1,username 1,guid 1
2,name 2,code 2,username 2,guid 2
3,name 3,code 3,username 3,guid 3
4,name 4,code 4,username 4,guid 4
5,name 5,code 5,username 5,guid 5
6,name 6,code 6,username 6,guid 6
7,name 7,code 7,username 7,guid 7
8,name 8,code 8,username 8,guid 8
9,name 9,code 9,username 9,guid 9
10,name 10,code 10,username 10,guid 10
11,name 11,code 11,username 11,guid 11
12,name 12,code 12,username 12,guid 12
13,name 13,code 13,username 13,guid 13
14,name 14,code 14,username 14,guid 14
15,name 15,code 15,username 15,guid 15
16,name 16,code 16,username 16,guid 16
17,name 17,code 17,username 17,guid 17
18,name 18,code 18,username 18,guid 18
19,name 19,code 19,username 19,guid 19
20,name 20,code 20,username 20,guid 20
21,name 21,code 21,username 21,guid 21
22,name 22,code 22,username 22,guid 22
23,name 23,code 23,username 23,guid 23
24,name 24,code 24,username 24,guid 24
25,name 25,code 25,username 25,guid 25
26,name 26,code 26,username 26,guid 26
27,name 27,code 27,username 27,guid 27
28,name 28,code 28,username 28,guid 28
29,name 29,code 29,username 29,guid 29
30,name 30,code 30,username 30,guid 30
31,name 31,code 31,username 31,guid 31
32,name 32,code 32,username 32,guid 32
33,name 33,code 33,username 33,guid 33
34,name 34,code 34,username 34,guid 34
35,name 35,code 35,username 35,guid 35
36,name 36,code 36,username 36,guid 36
37,name 37,code 37,username 37,guid 37
38,name 38,code 38,username 38,guid 38
39,name 39,code 39,username 39,guid 39
40,name 40,code 40,username 40,guid 40
41,name 41,code 41,username 41,guid 41
42,name 42,code 42,username 42,guid 42
43,name 43,code 43,username 43,guid 43
44,name 44,code 44,username 44,guid 44
45,name 45,code 45,username 45,guid 45
46,name 46,code 46,username 46,guid 46
47,name 47,code 47,username 47,guid 47
48,name 48,code 48,username 48,guid 48
49,name 49,code 49,username 49,guid 49
50,name 50,code 50,username 50,guid 50
51,name 51,code 51,username 51,guid 51
52,name 52,code 52,username 52,guid 52
53,name 53,code 53,username 53,guid 53
54,name 54,code 54,username 54,guid 54
55,name 55,code 55,username 55,guid 55
56,name 56,code 56,username 56,guid 56
57,name 57,code 57,username 57,guid 57
58,name 58,code 58,username 58,guid 58
59,name 59,code 59,username 59,guid 59
60,name 60,code 60,username 60,guid 60
61,name 61,code 61,username 61,guid 61
62,name 62,code 62,username 62,guid 62
63,name 63,code 63,username 63,guid 63
64,name 64,code 64,username 64,guid 64
65,name 65,code 65,username 65,guid 65
66,name 66,code 66,username 66,guid 66
67,name 67,code 67,username 67,guid 67
68,name 68,code 68,username 68,guid 68
69,name 69,code 69,username 69,guid 69
70,name 70,code 70,username 70,guid 70
71,name 71,code 71,username 71,guid 71
72,name 72,code 72,username 72,guid 72
73,name 73,code 73,username 73,guid 73
74,name 74,code 74,username 74,guid 74
75,name 75,code 75,username 75,guid 75
76,name 76,code 76,username 76,guid 76
77,name 77,code 77,username 77,guid 77
78,name 78,code 78,username 78,guid 78
79,name 79,code 79,username 79,guid 79
80,name 80,code 80,username 80,guid 80
81,name 81,code 81,username 81,guid 81
82,name 82,code 82,username 82,guid 82
83,name 83,code 83,username 83,guid 83
84,name 84,code 84,username 84,guid 84
85,name 85,code 85,username 85,guid 85
86,name 86,code 86,username 86,guid 86
87,name 87,code 87,username 87,guid 87
88,name 88,code 88,username 88,guid 88
89,name 89,code 89,username 89,guid 89
90,name 90,code 90,username 90,guid 90
91,name 91,code 91,username 91,guid 91
92,name 92,code 92,username 92,guid 92
93,name 93,code 93,username 93,guid 93
94,name 94,code 94,username 94,guid 94
95,name 95,code 95,username 95,guid 95
96,name 96,code 96,username 96,guid 96
97,name 97,code 97,username 97,guid 97
98,name 98,code 98,username 98,guid 98
99,name 99,code 99,username 99,guid 99
